code,name,year,rank,index_over,band_over,index_dist,band_dist,index_poli,band_poli,index_homi,band_homi,index_jail,band_jail,index_wmid,band_wmid,index_inco,band_inco,index_demo,band_demo,index_crim,band_crim,index_inst,band_inst,index_rehr,band_rehr,index_weim,band_weim,index_gtdx,band_gtdx,index_icon,band_icon,index_ndic,band_ndic,index_mexp,band_mexp,index_army,band_army,index_unfu,band_unfu,index_hewe,band_hewe,index_weex,band_weex,index_refu,band_refu,index_rela,band_rela,index_econ,band_econ,index_ndec,band_ndec,index_militarisation,band_militarisation,index_safety_security,band_safety_security,index_domestic_international_conflict,band_domestic_international_conflict
AFG,Afghanistan,2017,163,3.385683255,5,3.995,5,3.5,5,3.062,4,1.665,2,5,5,5,5,1.75,3,5,5,5,5,4.5,5,1.593,4,4.524,5,3.579,5,5,5,5,5,1.764,4,1.634,3,1.128,4,1,1,5,5,4,5,1,1,1,1,2.433294118,5,3.883117647,5,3.479961353,5
AGO,Angola,2017,77,1.936424634,3,3.458,5,2.5,2,2.712,3,1.759,2,3,2,2,2,2.5,4,3,3,2.75,3,3,3,1.119,3,1.332,3,1,1,1,1,2.405,5,1.558,4,2.163,4,1.348,5,1,1,1.009,3,2,1,1,1,1,1,1.796117647,3,2.447029412,4,1.40257649,2
ALB,Albania,2017,48,1.785519609,2,2.764,3,2.662,4,2.51,3,2.622,4,4,3,1,1,1,1,3,3,2.5,3,2.5,3,1.172,3,1,1,1,1,1,1,1.636,3,1.422,3,1.853,3,1.001,1,1,1,1.126,4,2,1,1.5,3,1,1,1.774647059,3,2.226117647,2,1.247181965,1
ARE,United Arab Emirates,2017,73,1.92931474,3,1.355,1,4.5,5,1.33,1,1.846,3,2,1,2,2,1,1,1,1,2.375,3,3,3,5,5,1.696,3,1,1,1,1,3.241,5,2.065,5,2.862,4,1.526,5,2.543,5,1,1,2,1,2.25,5,1,1,2.620176471,5,1.891617647,2,1.517310789,3
ARG,Argentina,2017,76,1.934311267,3,3.651,5,5,5,3.393,4,2.377,4,3,2,2,2,1.75,3,3,3,2.25,3,2,2,1.02,2,1.464,3,1,1,1,1,1.444,2,1.258,2,1.524,3,1.247,4,1,1,1,1,2,1,1,1,1,1,1.543117647,1,2.583352941,4,1.40257649,2
ARM,Armenia,2017,107,2.068742166,3,1.627,1,2.5,2,2.118,2,2.021,3,3,2,2,2,1.5,2,2,1,3,4,2.5,3,1.603,4,1.499,3,1.158,4,1.391,4,2.954,5,3.377,5,1.334,2,1.076,3,1,1,1.123,4,5,5,1.8,5,1,1,1.986117647,4,2.026647059,2,2.174858293,5
AUS,Australia,2017,13,1.421417621,1,2.649,3,2.334,2,1.515,1,2.274,4,1,1,1,1,1.5,2,1,1,1,1,1.5,1,3.599,5,2.059,3,1,1,1,1,2.089,4,1.363,3,1.017,1,1.273,4,1.484,5,1,1,1,1,1.75,5,1,1,1.612176471,2,1.601441176,1,1.06884058,1
AUT,Austria,2017,4,1.309357465,1,1.868,1,2.619,3,1.26,1,1.767,2,2,1,1,1,1.25,2,1,1,1,1,1.5,1,1.048,2,2.264,4,1,1,1,1,1.349,1,1.376,3,1.426,3,1.068,3,1.298,5,1,1,1,1,1.6,4,1,1,1.382117647,1,1.472941176,1,1.055072464,1
AZE,Azerbaijan,2017,125,2.289076755,3,1.758,1,1.678,1,2.12,3,2.859,5,4,3,2,2,2,3,2,1,3.5,5,3,3,3.82,5,1.499,3,1.263,4,1.174,4,2.763,5,2.02,5,1.258,2,1.263,4,1,1,3.058,5,5,5,1.5,3,1,1,2.265352941,5,2.429264706,3,2.114463768,4
BDI,Burundi,2017,143,2.569033467,4,3.687,5,1.821,1,2.933,4,1.68,2,4,3,4,5,3,5,4,4,4,5,4,5,1.012,1,2.819,4,1.158,4,2.238,5,2.07,4,1.419,3,2.405,4,1.016,2,1,1,2.66,5,3,4,2.025,5,1,1,1.874117647,3,3.134529412,5,2.36600161,5
BEL,Belgium,2017,19,1.482727025,2,2.355,2,2.687,4,2.27,3,1.744,2,3,2,1,1,1,1,2,1,1.25,1,1,1,1.288,4,3.094,4,1,1,1,1,1.387,1,1.398,3,1.279,2,1.113,4,1.258,5,1,1,1,1,1.95,5,1,1,1.577470588,2,1.753705882,1,1.087198068,1
BEN,Benin,2017,89,1.995229728,3,3.494,5,3.5,5,3.075,4,1.53,2,4,3,2,2,2.75,5,3,3,2.5,3,2,2,1.03,2,1,1,1,1,1,1,1.397,1,1.098,1,4.759,5,1.007,1,1,1,1.001,2,2,1,1.6,4,1,1,2.034647059,4,2.415470588,3,1.457648953,3
BFA,Burkina Faso,2017,101,2.03718783,3,3.017,4,3.5,5,1.37,1,1.324,1,4,3,2,2,2.5,4,4,4,3.25,4,3,3,1.011,1,3.181,5,1,1,1,1,1.559,2,1.088,1,3.534,5,1.011,2,1,1,1.004,3,2,1,1.6,4,1,1,1.906882353,4,2.584735294,4,1.457648953,3
BGD,Bangladesh,2017,83,1.953339392,3,1.868,1,1.5,1,2.23,3,1.356,1,3,2,3,3,3.75,5,2,1,3,4,4,5,1.188,4,3.37,5,1.263,4,1.217,4,1.478,2,1.149,1,1.555,3,1.163,4,1,1,1.003,2,2,1,1.6,4,1,1,1.542882353,1,2.385117647,3,1.729721417,3
BGR,Bulgaria,2017,30,1.595061324,2,2.88,3,2.944,4,1.775,2,1.799,3,3,2,1,1,1,1,3,3,1.75,2,2,2,1.019,2,1.78,3,1,1,1,1,1.593,3,1.657,4,1.476,3,1.064,3,1.66,5,1.004,3,1,1,1.5,3,1,1,1.686,2,1.986617647,2,1.04589372,1
BHR,Bahrain,2017,126,2.297973457,3,2.544,3,5,5,1.3,1,3.223,5,3,2,4,5,2.5,4,2,1,3.5,5,3,3,2.431,5,2.867,4,1.053,4,1,1,3.122,5,1.884,5,2.551,4,1.13,4,1,1,1.011,3,3,4,1.875,5,1,1,2.080352941,4,2.611147059,4,2.092217391,4
BIH,Bosnia and Herzegovina,2017,64,1.896600807,2,2.216,2,3.277,4,1.72,2,1.617,2,3,2,3,3,1.5,2,2,1,3.25,4,1.5,1,1,1,2.134,4,1,1,1,1,1.464,2,1.437,3,1.533,3,1.032,2,1.023,4,2.103,5,3,4,1.6,4,1,1,1.531352941,1,2.129117647,2,1.860225443,4
BLR,Belarus,2017,93,2.007196657,3,2.415,2,2.669,4,2.4,3,3.927,5,3,2,3,3,1,1,2,1,3,4,2,2,1.614,4,1,1,1,1,1,1,1.507,2,1.752,4,1.402,2,1.245,4,3.128,5,1.013,3,3,4,1,1,1,1,2.039352941,4,2.167205882,2,1.805152979,4
BOL,Bolivia,2017,78,1.936735005,3,3.569,5,2.758,4,3.042,4,2.123,3,4,3,2,2,2,3,3,3,2.75,3,1.5,1,1.109,3,1,1,1,1,1,1,1.616,3,1.655,4,3.855,5,1.041,3,1,1,1.002,2,2,1,1.2,2,1,1,2.034882353,4,2.309588235,3,1.420933977,2
BRA,Brazil,2017,121,2.202654471,3,3.813,5,2.333,2,5,5,3.761,5,4,3,1,1,3.25,5,4,4,2.125,2,4,5,1.073,3,1.696,3,1.105,4,1,1,1.626,3,1.246,2,4.64,5,1.385,5,1.035,4,1,1,1,1,1.4,2,1,1,2.142941176,5,3.157735294,5,1.047536232,1
BTN,Bhutan,2017,20,1.502165239,2,2.547,3,1.5,1,2.345,3,2.131,3,2,1,2,2,1,1,1,1,1,1,2,2,1.038,2,1,1,1,1,1,1,1.956,4,1.211,2,1.444,3,1,1,1,1,1.517,5,2,1,1.5,3,1,1,1.370470588,1,1.617117647,1,1.448470209,2
BWA,Botswana,2017,42,1.737474242,2,3.794,5,3.103,4,4.525,5,2.661,4,3,2,1,1,2,3,3,3,1.5,1,1,1,1.116,3,1,1,1,1,1,1,2.778,5,1.582,4,1,1,1.042,3,1,1,1.004,3,1,1,1,1,1,1,1.651647059,2,2.376176471,3,1,1
CAF,Central African Republic,2017,157,2.990632851,5,2.882,3,1.5,1,4.32,5,1.15,1,5,5,5,5,2.75,5,5,5,5,5,4,5,1,1,3.124,5,3.263,5,2.701,5,1.702,3,1.222,2,3.625,5,1.003,1,1,1,5,5,3,4,1,1,1,1,2.123941176,5,3.658058824,5,2.783344605,5
CAN,Canada,2017,6,1.323359163,1,1.841,1,1.965,2,1.73,2,1.902,3,2,1,1,1,1,1,1,1,1,1,1,1,1.541,4,2.646,4,1,1,1,1,1.492,2,1.265,2,1,1,1.306,5,1.764,5,1,1,1,1,1.75,5,1,1,1.518,1,1.421647059,1,1.06884058,1
CHE,Switzerland,2017,10,1.341536783,1,1.53,1,2.086,2,1.25,1,1.649,2,2,1,1,1,1,1,1,1,1,1,1,1,1.179,3,1,1,1,1,1,1,1.325,1,1.38,3,1,1,1.187,4,5,5,1,1,1,1,1.1,2,1,1,2.019352941,4,1.229264706,1,1.009178744,1
CHL,Chile,2017,26,1.560415228,2,3.294,4,2.392,2,2.118,2,2.914,5,3,2,1,1,1.75,3,2,1,1.25,1,1.5,1,1.345,4,2.684,4,1,1,1,1,1.769,4,1.544,4,1.046,1,1.204,4,1.031,4,1.001,2,1,1,1,1,1,1,1.594882353,2,1.996882353,2,1,1
CHN,China,2017,111,2.122895426,3,2.027,1,2.5,2,1.36,1,1.933,3,2,1,3,3,3.25,5,2,1,2.75,3,4,5,1.063,2,3.442,5,1.053,4,1.217,4,1.626,3,1.263,2,1.184,2,5,5,1.179,4,1.005,3,3,4,1.2,2,1,1,2.047588235,4,2.366882353,3,1.872652174,4
CIV,Cote d' Ivoire,2017,114,2.15608726,3,2.908,3,1.402,1,4.14,5,1.372,1,4,3,3,3,2.75,5,4,4,2.75,3,3,3,1.01,1,2.699,4,1.316,4,1,1,1.425,2,1.117,1,4.07,5,1.009,1,1,1,1.064,4,2,1,1.6,4,1,1,1.957117647,4,2.662058824,4,1.691504026,3
CMR,Cameroon,2017,138,2.435274911,4,3.27,4,2.5,2,1.465,1,1.941,3,3,2,4,5,2.75,5,4,4,3.5,5,3,3,1.185,3,3.838,5,2.053,5,3.066,5,1.55,2,1.099,1,3.604,5,1.026,2,1,1,1.291,5,3,4,2,5,1,1,1.762,3,2.708323529,4,2.622611916,5
COD,Democratic Republic of the Congo,2017,150,2.87768571,4,3.611,5,1.5,1,4.25,5,1.229,1,5,5,4,5,3.75,5,5,5,5,5,4.5,5,1.01,1,3.017,4,3.684,5,2.649,5,1.602,3,1.238,2,3.571,5,1.069,3,1,1,2.121,5,3,4,1.5,3,1,1,2.120529412,4,3.523176471,5,2.660871176,5
COG,Republic of the Congo,2017,124,2.271126563,3,3.15,4,2.5,2,4.05,5,1.261,1,4,3,3,3,2.25,4,4,4,3.25,4,4,5,1.179,3,1,1,1,1,1,1,3.642,5,1.342,3,3.905,5,1.02,2,1,1,1.182,5,2,1,1.4,2,1,1,2.246823529,5,2.806205882,5,1.64057971,3
COL,Colombia,2017,147,2.646414968,4,3.436,5,2.586,3,5,5,2.922,5,4,3,4,5,2,3,4,4,1.75,2,3.5,4,1.224,4,3.742,5,1.263,4,2.119,5,1.937,4,1.936,5,2.944,4,1.11,3,1,1,5,5,2,1,1,1,1,1,2.024235294,4,3.450470588,5,2.057499195,4
CRI,Costa Rica,2017,36,1.698095329,2,3.379,5,2.393,2,3.987,5,3.888,5,4,3,1,1,1.5,2,2,1,1,1,1,1,1,1,1,1,1,1,1,1,1.33,1,1,1,2.136,4,1.003,1,1,1,1.001,2,2,1,1,1,1,1,1.702411765,2,2.100941176,2,1.201288245,1
CUB,Cuba,2017,94,2.010775026,3,3.041,4,4.5,5,2.827,4,5,5,2,1,3,3,1,1,1,1,2.5,3,3,3,1,1,1,1,1,1,1,1,2.468,5,1.657,4,1.003,1,1.336,5,1,1,1.017,3,3,4,1,1,1,1,1.486117647,1,2.470558824,4,1.805152979,4
CYP,Cyprus,2017,67,1.905982997,3,2.349,2,3.155,4,1.475,1,1.617,2,2,1,2,2,2,3,2,1,1.5,1,2,2,1.07,3,1.499,3,1,1,1,1,1.765,3,2.523,5,1.394,2,1.074,3,1,1,5,5,3,4,1,1,1,1,1.513294118,1,2.301794118,3,1.603864734,3
CZE,Czech Republic,2017,8,1.334407463,1,2.319,2,2.859,4,1.38,1,2.677,4,1,1,1,1,1,1,1,1,1.5,1,1,1,1.049,2,1.612,3,1,1,1,1,1.478,2,1.346,3,1.068,1,1.087,3,1.968,5,1.004,3,1,1,1.6,4,1,1,1.296882353,1,1.568382353,1,1.055072464,1
DEU,Germany,2017,18,1.475836505,2,2.129,2,2.502,3,1.44,1,1.601,2,2,1,1,1,1.25,2,2,1,1,1,1,1,1.083,3,3.09,4,1,1,1,1,1.521,2,1.326,2,1.003,1,1.564,5,3.549,5,1,1,1,1,1.7,4,1,1,1.835588235,3,1.599588235,1,1.064251208,1
DJI,Djibouti,2017,109,2.111614792,3,2.285,2,4.5,5,3.25,4,1.53,2,4,3,3,3,1.25,2,2,1,3,4,3,3,1.517,4,1.635,3,1.053,4,1,1,1.361,1,2.553,5,4.779,5,1.011,2,1,1,1.046,4,2,1,1.925,5,1,1,2.261941176,5,2.386735294,3,1.694230274,3
DNK,Denmark,2017,5,1.312353035,1,1.609,1,1.935,2,1.655,2,1.475,2,1,1,1,1,1,1,1,1,1.125,1,1,1,2.093,5,1.78,3,1,1,1,1,1.55,2,1.442,3,1,1,1.084,3,1.461,5,1,1,2,1,1.85,5,1,1,1.341470588,1,1.315794118,1,1.279307568,2
DOM,Dominican Republic,2017,98,2.028888729,3,3.949,5,2.73,4,4.781,5,2.883,5,3,2,2,2,1,1,3,3,2,2,3,3,1.001,1,1,1,1,1,1,1,1.287,1,1.809,4,4.416,5,1.005,1,1,1,1.001,2,2,1,1,1,1,1,1.884764706,3,2.612176471,4,1.40257649,2
DZA,Algeria,2017,116,2.17109084,3,3.154,4,3.104,4,1.74,2,2.171,4,3,2,3,3,2,3,2,1,3,4,2.5,3,2.973,5,3.103,5,1.421,5,2.085,5,4.049,5,1.49,4,1.137,2,1.731,5,1,1,1.003,2,3,4,1,1,1,1,2.146529412,5,2.307794118,3,2.066938808,4
ECU,Ecuador,2017,57,1.844159421,2,3.195,4,2.366,2,3.555,4,2.266,4,3,2,2,2,1.25,2,3,3,2.5,3,2.5,3,1.178,3,1.382,3,1,1,1,1,1.75,3,1.372,3,1.437,3,1.059,3,1.01,4,1.002,2,2,1,1,1,1,1,1.569470588,2,2.3595,3,1.40257649,2
EGY,Egypt,2017,134,2.385742626,4,1.737,1,4.5,5,2.138,3,1.918,3,3,2,4,5,2.25,4,2.5,3,2.5,3,4,5,1.648,5,4.172,5,1.526,5,2.992,5,1.731,3,1.668,4,1,1,2.46,5,1.008,4,1.007,3,3,4,2.1,5,1,1,1.852823529,3,2.592323529,4,2.562582931,5
ERI,Eritrea,2017,142,2.545087423,4,3.097,4,3.5,5,3.925,5,5,5,1,1,2,2,1,1,2,1,3.25,4,5,5,1,1,1,1,1,1,1,1,2.082,4,5,5,2.424,4,1.107,3,1,1,5,5,4,5,1.5,3,1,1,1.784294118,3,3.426205882,5,1.851046699,4
ESP,Spain,2017,16,1.471391462,2,1.862,1,2.847,4,1.345,1,2.052,3,2,1,1,1,1,1,2,1,1.75,2,1.5,1,1.219,4,1.499,3,1,1,1,1,1.377,1,1.403,3,1.286,2,1.43,5,2.829,5,1,1,1,1,1.5,3,1,1,1.726294118,2,1.6665,1,1.04589372,1
EST,Estonia,2017,31,1.596513949,2,2.312,2,2.553,3,2.277,3,2.614,4,2,1,1,1,1,1,2,1,1.75,2,1,1,1.724,5,1,1,1,1,1,1,1.989,4,1.739,4,1.148,2,1.014,2,1,1,1.008,3,3,4,1.7,4,1,1,1.484823529,1,1.752264706,1,1.466827697,3
ETH,Ethiopia,2017,131,2.357743643,4,2.514,3,1.5,1,3.697,4,2.021,3,4,3,4,5,4.5,5,2,1,3.375,5,3.5,4,1.062,2,3.005,4,2.105,5,2.291,5,1.291,1,1.199,2,1.998,3,1.205,4,1,1,1.026,4,3,4,1.375,2,1,1,1.747941176,3,2.706088235,4,2.414605475,5
FIN,Finland,2017,14,1.431739085,1,1.588,1,1.702,1,1.805,2,1.451,1,2,1,1,1,1,1,1,1,1.25,1,1,1,3.606,5,1,1,1,1,1,1,1.688,3,1.614,4,1,1,1.162,4,2.697,5,1,1,2,1,1.7,4,1,1,1.964294118,4,1.277735294,1,1.265539452,2
FRA,France,2017,69,1.909331775,3,2.264,2,2.633,3,1.615,2,1.87,3,2,1,1,1,1.25,2,2,1,1.75,2,1.5,1,1.066,2,3.742,5,1.421,5,2.113,5,1.903,4,1.482,3,1.024,1,5,5,4.957,5,1,1,1,1,2.325,5,1,1,2.754176471,5,1.852794118,1,1.389040258,2
GAB,Gabon,2017,100,2.034010383,3,4.019,5,3.5,5,3.85,5,2.511,4,3,2,3,3,2.25,4,2,1,2.5,3,2,2,1.077,3,1,1,1,1,1,1,1.693,3,1.343,3,3.924,5,1.014,2,1,1,1.003,2,2,1,1.4,2,1,1,1.830352941,3,2.478,4,1.64057971,3
GBR,United Kingdom,2017,40,1.721447266,2,2.031,2,2.526,3,1.935,2,1.968,3,2,1,1,1,1.5,2,2,1,1.125,1,1,1,1.433,4,3.139,5,1,1,1,1,1.965,4,1.353,3,1.104,2,5,5,3.719,5,1,1,1,1,2.15,5,1,1,2.580411765,5,1.723323529,1,1.105555556,1
GEO,Georgia,2017,103,2.054962433,3,2.001,1,2.192,2,2.64,3,2.986,5,4,3,3,3,1.5,2,2,1,2.5,3,2,2,1.022,2,2.013,3,1,1,1,1,2.008,4,1.833,5,1,1,1.064,3,1.043,4,3.448,5,3,4,1.5,3,1,1,1.767470588,3,2.365147059,3,1.851046699,4
GHA,Ghana,2017,45,1.773540231,2,2.001,1,2.5,2,1.995,2,1.411,1,4,3,2,2,3,5,3,3,1.75,2,2.5,3,1.068,2,1,1,1,1,1,1,1.167,1,1.08,1,2.136,4,1.018,2,1,1,1.017,3,2,1,2.025,5,1,1,1.703294118,2,2.052470588,2,1.496658615,3
GIN,Guinea,2017,104,2.059126498,3,3.152,4,1.288,1,3.675,4,1.182,1,5,5,2,2,3,5,4,4,2.5,3,3,3,1.011,1,1,1,1.105,4,1,1,1.898,4,1.124,1,4.064,5,1.027,2,1,1,1.048,4,2,1,1.4,2,1,1,2.192647059,5,2.492882353,4,1.450112721,3
GMB,The Gambia,2017,118,2.178341403,3,3.006,4,2.5,2,3.85,5,1.435,1,3,2,3,3,2.25,4,3,3,3.25,4,3.5,4,1,1,1,1,1,1,1,1,1.363,1,1.052,1,2.862,4,1,1,1,1,1.165,4,4,5,1.3,2,1,1,1.620823529,2,2.606852941,4,2.033977456,4
GNB,Guinea-Bissau,2017,112,2.126474305,3,3.097,4,2.5,2,2.398,3,1.245,1,5,5,3,3,1.5,2,4,4,5,5,2.5,3,1,1,1,1,1,1,1,1,1.755,3,1.369,3,3.62,5,1.008,1,1,1,1.03,4,2,1,1.2,2,1,1,2.147764706,5,2.551117647,4,1.622222222,3
GNQ,Equatorial Guinea,2017,54,1.811782553,2,3.097,4,2.5,2,2.35,3,1.498,2,3,2,2,2,1.5,2,2.5,3,3,4,3,3,2.643,5,1,1,1,1,1,1,1.591,2,1.158,1,1.684,3,1.013,2,1,1,1.003,2,2,1,1,1,1,1,1.717117647,2,2.211676471,2,1.40257649,2
GRC,Greece,2017,68,1.907661151,3,2.741,3,3.439,5,1.5,1,1.704,2,3,2,3,3,1.75,3,1,1,1.625,2,2.5,3,2.631,5,2.56,4,1,1,1,1,2.137,4,3.001,5,1.081,2,1.73,5,1,1,1,1,3,4,1.5,3,1,1,2.052352941,4,1.897705882,2,1.851046699,4
GTM,Guatemala,2017,113,2.130186274,3,3.281,4,1.968,2,5,5,1.989,3,4,3,3,3,2,3,5,5,2.25,3,2.5,3,1.031,2,1.612,3,1.053,4,1,1,1.21,1,1.168,1,2.272,4,1.003,1,1,1,1.025,4,2,1,1.4,2,1,1,1.727705882,3,2.765823529,5,1.646041868,3
GUY,Guyana,2017,87,1.982734817,3,3.368,4,3.105,4,4.952,5,3.247,5,3,2,2,2,1,1,4,4,2.5,3,2,2,1,1,1,1,1,1,1,1,1.545,2,1.681,4,1.228,2,1.003,1,1,1,1.012,3,2,1,1,1,1,1,1.524529412,1,2.706352941,4,1.40257649,2
HND,Honduras,2017,108,2.088374527,3,3.412,5,1.657,1,5,5,2.471,4,4,3,2,2,2.5,4,5,5,2.25,3,2.5,3,1.062,2,1,1,1,1,1,1,1.655,3,1.172,2,1.248,2,1.038,2,1,1,1.643,5,2,1,1,1,1,1,1.669882353,2,2.873294118,5,1.40257649,2
HRV,Croatia,2017,28,1.572708241,2,2.187,2,3.416,5,1.425,1,1.633,2,3,2,1,1,1.25,2,1.5,1,1.875,2,1,1,1.249,4,1.091,2,1,1,1,1,1.569,2,1.563,4,1.841,3,1.067,3,1,1,1.205,5,3,4,1.5,3,1,1,1.626176471,2,1.637058824,1,1.448470209,2
HTI,Haiti,2017,75,1.932283402,3,3.343,4,2.5,2,3.822,5,1.767,2,4,3,3,3,1.5,2,3,3,2.875,3,2,2,1,1,1,1,1,1,1,1,1.024,1,1.001,1,2.209,4,1,1,1,1,1.091,4,2,1,1,1,1,1,1.674588235,2,2.367117647,3,1.603864734,3
HUN,Hungary,2017,25,1.545617542,2,2.782,3,2.881,4,1.745,2,2.424,4,1,1,2,2,1.5,2,2,1,1.25,1,1.5,1,1.032,2,1.715,3,1,1,1,1,1.478,2,1.41,3,1.017,1,1.049,3,1.113,4,1.01,3,2,1,1.7,4,1,1,1.138823529,1,1.829735294,1,1.466827697,3
IDN,Indonesia,2017,37,1.711782541,2,1.913,1,1.805,1,1.32,1,1.609,2,2,1,2,2,2.5,4,3,3,2,2,3.5,4,1.165,3,2.818,4,1,1,1,1,1.377,1,1.23,2,1.234,2,1.263,4,1.009,4,1.002,2,2,1,1.5,3,1,1,1.342823529,1,2.129558824,2,1.448470209,2
IND,India,2017,130,2.341850252,3,2.303,2,1.677,1,2.415,3,1.261,1,4,3,3,3,4,5,2.5,3,1.125,1,4,5,1.199,4,4.05,5,3.105,5,2.489,5,2.07,4,1.159,1,1.32,2,5,5,1.003,4,1,1,3,4,1,1,1,1,2.441470588,5,2.352441176,3,2.321811594,5
IRL,Ireland,2017,11,1.395152649,1,2.059,2,2.383,2,1.55,2,1.617,2,2,1,2,2,1.5,2,2,1,1,1,1,1,1.376,4,1.587,3,1,1,1,1,1.158,1,1.293,2,1,1,1.012,2,1.651,5,1,1,1,1,1.5,3,1,1,1.390764706,1,1.530911765,1,1.247181965,1
IRN,Iran,2017,137,2.395736554,4,2.438,2,3.5,5,2.125,3,3.207,5,3,2,4,5,2.5,4,2,1,3.25,4,3.5,4,1.085,3,2.925,4,1.105,4,2.002,4,2.61,5,2.029,5,1.644,3,1.858,5,1.034,4,1.037,4,4,5,2,5,1,1,1.906588235,4,2.600970588,4,2.512028986,5
IRQ,Iraq,2017,161,3.314096848,5,2.761,3,5,5,3.12,4,2.005,3,5,5,5,5,3,5,5,5,3.75,5,5,5,2.815,5,5,5,3.263,5,5,5,3.198,5,1.251,2,2.301,4,1.279,4,1,1,4.338,5,3,4,1,1,1.125,5,2.409823529,5,3.915588235,5,3.271267311,5
ISL,Iceland,2017,1,1.099771806,1,1.486,1,1.946,2,1.305,1,1.293,1,1,1,1,1,1,1,1,1,1,1,1,1,1,1,1,1,1,1,1,1,1.105,1,1,1,1,1,1,1,1,1,1,1,1,1,1.5,3,1,1,1.012352941,1,1.188088235,1,1.04589372,1
ISR,Israel,2017,146,2.645455948,4,2.467,3,2.812,4,1.69,2,3.001,5,3,2,3,3,2.5,4,2,1,2,2,4,5,4.868,5,3.138,5,2,5,1.043,4,3.418,5,4.289,5,1.005,1,5,5,5,5,1.002,2,4,5,1,1,1,1,3.891764706,5,2.393647059,3,2.1181562,5
ITA,Italy,2017,34,1.649233568,2,2.888,3,3.298,4,1.395,1,1.712,2,3,2,1,1,1.25,2,3,3,2,2,1.5,1,1.315,4,2.026,3,1,1,1,1,1.659,3,1.441,3,1,1,1.566,5,2.664,5,1,1,1,1,1.7,4,1,1,1.912941176,4,1.972823529,2,1.064251208,1
JAM,Jamaica,2017,81,1.943573778,3,2.599,3,3.051,4,5,5,2.092,3,4,3,2,2,1,1,5,5,1.25,1,3,3,1.124,3,1,1,1,1,1,1,1.473,2,1.187,2,2.662,4,1.003,1,1,1,1.023,4,1,1,1,1,1,1,1.817705882,3,2.627,4,1.201288245,1
JOR,Jordan,2017,85,1.965594204,3,1.895,1,1.556,1,1.955,2,1.973,3,2,1,2,2,1.75,3,2,1,3.25,4,3,3,2.46,5,2.909,4,1.211,4,1,1,2.763,5,2.533,5,1.445,3,1.296,4,1.637,5,1.006,3,3,4,2.625,5,1,1,1.953,4,2.123058824,2,1.774764895,4
JPN,Japan,2017,7,1.327241445,1,2.248,2,2.003,2,1.155,1,1.348,1,1,1,1,1,1,1,1,1,1,1,1,1,1.174,3,1.332,3,1,1,1,1,1.459,2,1.296,2,1.222,2,1.924,5,1,1,1,1,3,4,1,1,1,1,1.298470588,1,1.267088235,1,1.40257649,2
KAZ,Kazakhstan,2017,80,1.941493844,3,2.569,3,2.207,2,2.805,4,2.748,4,4,3,3,3,1.75,3,2,1,3.375,5,2.5,3,1.796,5,2.625,4,1,1,1,1,1.397,1,1.328,2,1.009,1,1.29,4,1,1,1.004,3,2,1,1,1,1,1,1.760588235,3,2.347294118,3,1.603864734,3
KEN,Kenya,2017,129,2.329792202,3,3.132,4,1.42,1,2.735,4,1.854,3,4,3,3,3,3.25,5,4,4,2.75,3,3.5,4,1.043,2,3.764,5,3,5,2.294,5,1.779,4,1.077,1,1.584,3,1.095,3,1,1,1.005,3,3,4,1.5,3,1.042,5,1.720647059,2,2.719294118,4,2.326086957,5
KGZ,Kyrgyz Republic,2017,110,2.122672756,3,3.223,4,2.5,2,2.87,4,2.321,4,4,3,4,5,1,1,3,3,2.625,3,3,3,1.029,2,1.951,3,1,1,1,1,1.583,2,1.275,2,2.943,4,1.066,3,1.042,4,1.014,3,3,4,1,1,1,1,1.881411765,3,2.384411765,3,2.006441224,4
KHM,Cambodia,2017,91,2.002956041,3,3.55,5,3.11,4,1.92,2,2.092,3,4,3,2,2,2,3,4,4,3.125,4,2,2,1.131,3,1,1,1.053,4,1,1,2.563,5,2.209,5,2.305,4,1.08,3,1,1,1.026,4,2,1,1.6,4,1,1,2.038588235,4,2.427647059,3,1.463111111,3
KOR,South Korea,2017,46,1.775552882,2,2.378,2,2.08,2,1.37,1,1.886,3,1,1,2,2,2,3,1,1,2.125,2,1.5,1,1.902,5,1.274,3,1,1,1,1,2.07,4,2.981,5,1.068,1,2.665,5,1.72,5,1,1,4,5,1.5,3,1,1,1.893941176,4,1.634117647,1,1.851046699,4
XKX,Kosovo,2017,62,1.884903589,2,2.043,2,3.128,4,2.05,2,1.791,3,4,3,3,3,2,3,3,3,4,5,1,1,1.008,1,1,1,1,1,1,1,1.37,1,1,1,1,1,1,1,1,1,1,1,3,4,1,1,1,1,1.573882353,2,2.149588235,2,1.805152979,4
KWT,Kuwait,2017,61,1.876884682,2,1.5,1,2.344,2,1.91,2,1.886,3,2,1,2,2,1,1,1,1,3,4,3,3,5,5,3.004,4,1.211,4,2.003,4,4.03,5,1.582,4,1.214,2,1.183,4,1,1,1.008,3,2,1,1.5,3,1,1,2.129470588,5,1.937352941,2,1.67210789,3
LAO,Laos,2017,44,1.756093118,2,2.138,2,2.5,2,3.325,4,1.941,3,4,3,2,2,1,1,2,1,2.5,3,2,2,1.093,3,2.645,4,1,1,1,1,1.098,1,1.65,4,1.398,2,1.026,2,1,1,1.035,4,2,1,1,1,1,1,1.679764706,2,2.101970588,2,1.40257649,2
LBN,Lebanon,2017,144,2.612065914,4,2.803,3,3.191,4,2.458,3,1.728,2,4,3,4,5,2.5,4,4,4,3.625,5,2.5,3,1.32,4,3.449,5,2.421,5,2.178,5,2.625,5,2.458,5,3.633,5,1.109,3,1,1,1.025,4,5,5,1,1,1,1,2.258764706,5,2.705764706,4,2.792582931,5
LBR,Liberia,2017,71,1.923414575,3,3.322,4,2.5,2,2.315,3,1.388,1,4,3,2,2,2.5,4,3,3,3,4,3,3,1,1,1,1,1,1,1,1,1.191,1,1.066,1,3.634,5,1,1,1,1,1.046,4,2,1,1.2,2,1,1,1.869529412,3,2.369823529,3,1.420933977,2
LBY,Libya,2017,155,2.96412071,5,3.185,4,2.5,2,2.125,3,1.783,2,5,5,5,5,2.75,5,5,5,4.625,5,5,5,1.586,4,3.654,5,2.789,5,3.132,5,2.343,4,1.175,2,4.459,5,1.003,1,1.004,4,1.962,5,4,5,1,1,1,1,2.361588235,5,3.317941176,5,3.022537842,5
LKA,Sri Lanka,2017,70,1.919585403,3,1.993,1,3.5,5,2.165,3,1.657,2,4,3,3,3,1.75,3,2,1,1.875,2,3,3,1.016,2,1.185,2,1,1,1,1,2.089,4,2.724,5,2.934,4,1.081,3,1,1,1.242,5,2,1,1.4,2,1,1,2.104058824,4,2.064647059,2,1.64057971,3
LSO,Lesotho,2017,96,2.01669576,3,3.894,5,1.817,1,5,5,1.807,3,4,3,2,2,1,1,3,3,2.25,3,3,3,1,1,1,1,1,1,1,1,1.956,4,1.142,1,2.046,3,1.005,1,1,1,1,1,3,4,1,1,1,1,1.782529412,3,2.486882353,4,1.603864734,3
LTU,Lithuania,2017,38,1.713789249,2,2.985,4,2.596,3,2.837,4,3.009,5,2,1,1,1,1.5,2,2,1,1.75,2,1,1,1.54,4,1,1,1,1,1,1,1.707,3,1.883,5,2.697,4,1.005,1,1,1,1.001,2,3,4,1.5,3,1,1,1.627588235,2,1.959470588,2,1.448470209,2
LVA,Latvia,2017,27,1.569778057,2,2.394,2,3.27,4,2.292,3,2.772,4,2,1,1,1,1,1,1,1,1.625,2,1.5,1,1.343,4,1,1,1,1,1,1,1.693,3,1.409,3,1.111,2,1.007,1,1,1,1.003,2,3,4,1.6,4,1,1,1.360764706,1,1.764352941,1,1.457648953,3
MAR,Morocco,2017,84,1.959219115,3,2.284,2,1.842,2,1.52,1,2.78,5,2,1,3,3,1.75,3,3,3,3,4,2.5,3,1.746,5,1,1,1,1,1,1,2.911,5,1.848,5,2.213,4,1.317,5,1,1,1.002,2,3,4,1.9,5,1,1,1.787470588,3,2.119294118,2,1.887761675,4
MDA,Moldova,2017,66,1.905541396,3,3.36,4,2.359,2,2.487,3,2.796,5,2,1,3,3,2,3,2,1,3.625,5,2,2,1,1,1.332,3,1,1,1,1,1.158,1,1.212,2,1.415,3,1.006,1,1,1,1.024,4,3,4,1.4,2,1,1,1.269882353,1,2.316264706,3,1.841867955,4
MDG,Madagascar,2017,55,1.82638991,2,3.548,5,1.171,1,1.3,1,1.696,2,3,2,2,2,3,5,3,3,2.25,3,3.5,4,1,1,2.769,4,1,1,1,1,1.239,1,1.08,1,2.29,4,1.009,1,1,1,1,1,2,1,1.5,3,1,1,1.543823529,2,2.293617647,3,1.448470209,2
MEX,Mexico,2017,135,2.388402972,4,3.789,5,2.681,4,4.663,5,2.392,4,4,3,2,2,2.5,4,4,4,2.125,2,4.5,5,1.119,3,2.367,4,3.474,5,3.154,5,1.22,1,1.347,3,1.63,3,1.13,4,1,1,1.003,2,2,1,1,1,1,1,1.707176471,2,3.058352941,5,2.091120773,4
MKD,North Macedonia,2017,95,2.013536936,3,2.469,3,3.239,4,1.84,2,2.282,4,4,3,3,3,1.25,2,3,3,3,4,2.5,3,1.007,1,2.371,4,1,1,1,1,1.473,2,1.588,4,2.085,4,1.024,2,1,1,1.027,4,3,4,1.5,3,1,1,1.786941176,3,2.292058824,3,1.851046699,4
MLI,Mali,2017,140,2.481737831,4,2.241,2,2.5,2,4.02,5,1.261,1,4,3,4,5,2.75,5,4,4,4,5,3.5,4,1.029,2,3.946,5,1.895,5,2.205,5,2.859,5,1.065,1,3.839,5,1.005,1,1,1,1.34,5,2,1,1.4,2,1,1,2.094058824,4,2.987882353,5,2.176658615,5
MMR,Myanmar,2017,97,2.021082579,3,1.938,1,1.707,1,2.087,2,1.926,3,2,1,3,3,1.75,3,2,1,2.125,2,4,5,1.347,4,2.855,4,2.158,5,2.659,5,2.854,5,2.19,5,1.768,3,1.252,4,1,1,1.549,5,2,1,1,1,1,1,1.710235294,2,2.197558824,2,2.057144928,4
MNE,Montenegro,2017,50,1.803070039,2,2.048,2,4.395,5,2.297,3,2.424,4,3,2,2,2,1,1,3,3,3,4,2,2,1.022,2,1,1,1,1,1,1,1.745,3,1.468,3,1,1,1.016,2,1,1,1.037,4,2,1,1.5,3,1,1,1.501058824,1,2.262852941,3,1.448470209,2
MNG,Mongolia,2017,41,1.726668631,2,3.042,4,2.398,2,3.31,4,2.187,4,2,1,1,1,1,1,3,3,2,2,2.5,3,1.718,5,1,1,1,1,1,1,1.43,2,1.487,3,2.088,4,1.164,4,1,1,1.025,4,2,1,1.5,3,1,1,1.525764706,1,2.212382353,2,1.247181965,1
MOZ,Mozambique,2017,88,1.989354144,3,3.378,4,2.5,2,2.378,3,1.427,1,4,3,3,3,3,5,3,3,2.75,3,2.5,3,1.04,2,2.739,4,1.105,4,1,1,1.411,1,1.061,1,2.479,4,1.032,2,1,1,1.018,4,2,1,1,1,1,1,1.769294118,3,2.4405,3,1.61468599,3
MRT,Mauritania,2017,123,2.248412856,3,3.568,5,5,5,4.14,5,1.364,1,4,3,3,3,1.75,3,3,3,4,5,2.5,3,1.198,4,1,1,1,1,1,1,2.027,4,1.595,4,3.583,5,1.019,2,1,1,1.295,5,2,1,1.6,4,1,1,2.050764706,4,2.846647059,5,1.658937198,3
MUS,Mauritius,2017,22,1.526006343,2,2.558,3,5,5,1.755,2,2.384,4,2,1,1,1,1,1,2,1,1.25,1,2,2,1.599,4,1.499,3,1,1,1,1,1.841,4,1,1,1.767,3,1.01,2,1,1,1.003,2,1,1,1,1,1,1,1.437882353,1,1.995764706,2,1,1
MWI,Malawi,2017,59,1.848016917,2,3.792,5,1.5,1,1.905,2,1.625,2,4,3,2,2,2.5,4,3,3,2.5,3,2,2,1.006,1,1,1,1,1,1,1,1.177,1,1.046,1,3.397,5,1.005,1,1,1,1.001,2,2,1,2.5,5,1,1,1.839235294,3,2.113970588,2,1.540257649,3
MYS,Malaysia,2017,35,1.675808866,2,3.566,5,2.5,2,2.032,2,2.424,4,1,1,1,1,2.25,4,3,3,1.75,2,3,3,1.252,4,2.379,4,1.053,4,1,1,1.659,3,1.526,4,2.06,3,1.125,4,1.027,4,1,1,1,1,1.5,3,1,1,1.320588235,1,2.356058824,3,1.051355878,1
NAM,Namibia,2017,58,1.847377136,2,3.569,5,3.5,5,4.768,5,2.171,4,3,2,2,2,1.75,3,3,3,1.75,2,1.5,1,1.437,4,1,1,1,1,1,1,2.801,5,1.648,4,1.276,2,1.017,2,1,1,1.019,4,1,1,1,1,1,1,1.727941176,3,2.444647059,4,1.201288245,1
NER,Niger,2017,132,2.364339975,4,1.712,1,1.5,1,2.607,3,1.419,1,4,3,4,5,2.25,4,4,4,4,5,3.5,4,1.018,2,3.71,5,1.789,5,2.523,5,1.769,4,1.039,1,3.628,5,1.017,2,1,1,1.193,5,2,1,3.25,5,1,1,1.938764706,4,2.625382353,4,2.399550725,5
NGA,Nigeria,2017,149,2.81565712,4,2.822,3,2.048,2,4.01,5,1.269,1,4,3,4,5,3.75,5,4.5,5,2.75,3,4.5,5,1.041,2,4.477,5,5,5,4.766,5,1.205,1,1.109,1,2.32,4,1.199,4,1,1,1.428,5,2,1,1.825,5,1.917,5,1.761588235,3,3.158029412,5,3.235748792,5
NIC,Nicaragua,2017,79,1.941398558,3,3.006,4,1.837,2,3.638,4,2.883,5,4,3,2,2,1.25,2,3,3,3,4,3,3,1.252,4,2.097,3,1,1,1,1,1.263,1,1.286,2,1.653,3,1.033,2,1,1,1.007,3,2,1,1,1,1,1,1.706294118,2,2.520647059,4,1.40257649,2
NLD,Netherlands,2017,17,1.473087254,2,1.881,1,2.802,4,1.365,1,1.467,1,2,1,1,1,1,1,2,1,1,1,1,1,1.69,5,1,1,1.053,4,1,1,1.554,2,1.314,2,1,1,1.149,4,5,5,1,1,1,1,1.85,5,1,1,2.091941176,4,1.438529412,1,1.083481481,1
NOR,Norway,2017,15,1.466675924,2,1.425,1,1.836,1,1.28,1,1.578,2,2,1,1,1,1,1,1,1,1,1,1,1,2.344,5,1,1,1,1,1,1,1.779,4,1.716,4,1.026,1,1.121,4,5,5,1,1,2,1,1.7,4,1,1,2.240764706,5,1.195205882,1,1.265539452,2
NPL,Nepal,2017,90,2.001495557,3,2.826,3,2.5,2,2.018,2,1.49,2,3,2,2,2,2.75,5,3,3,4,5,3,3,1.014,1,2.502,4,1,1,1,1,1.612,3,1.527,4,4.024,5,1.019,2,1,1,1.01,3,2,1,1.6,4,1,1,1.847705882,3,2.523941176,4,1.457648953,3
NZL,New Zealand,2017,2,1.278419535,1,2.551,3,1.972,2,1.47,1,2.606,4,1,1,1,1,1.5,2,1,1,1,1,1,1,1.702,5,1,1,1,1,1,1,1.554,2,1.291,2,1,1,1.021,2,1.492,5,1,1,1,1,1.5,3,1,1,1.272529412,1,1.463735294,1,1.04589372,1
OMN,Oman,2017,65,1.898019713,2,2.392,2,4.5,5,1.15,1,1.285,1,4,3,2,2,1,1,2,1,3,4,1.5,1,5,5,1,1,1,1,1,1,5,5,2.473,5,1.381,2,1.095,3,1,1,1,1,2,1,1,1,1,1,2.705470588,5,1.886205882,2,1.40257649,2
PAK,Pakistan,2017,151,2.878018053,4,2.993,4,2.5,2,3.2,4,1.324,1,4,3,4,5,3.25,5,3.5,4,3,4,4,5,1.305,4,4.451,5,5,5,3.353,5,2.4,5,1.466,3,1.254,2,5,5,1,1,1.086,4,4,5,1.6,4,1.25,5,2.520588235,5,2.889617647,5,3.198993559,5
PAN,Panama,2017,53,1.810039316,2,3.264,4,3.21,4,4.548,5,4.22,5,3,2,1,1,1.5,2,3,3,1.75,2,1,1,1.192,4,1,1,1,1,1,1,1.621,3,1,1,1.456,3,1.009,1,1,1,1,1,2,1,1,1,1,1,1.503823529,1,2.463941176,4,1.201288245,1
PER,Peru,2017,82,1.94733578,3,3.731,5,2.746,4,3.225,4,2.986,5,3,2,2,2,2.5,4,3,3,2,2,2,2,1.26,4,2.816,4,1,1,1,1,1.545,2,1.396,3,1.731,3,1.226,4,1,1,1.003,2,2,1,1.4,2,1,1,1.620117647,2,2.542147059,4,1.439291465,2
PHL,Philippines,2017,133,2.385296303,4,2.734,3,1.735,1,3.683,4,2.321,4,4,3,4,5,2.75,5,4,4,2.875,3,3.5,4,1.066,2,3.707,5,1.684,5,2.597,5,1.545,2,1.181,2,1.232,2,1.056,3,1,1,1.028,4,3,4,1,1,1,1,1.659764706,2,2.834647059,5,2.398391304,5
PNG,Papua New Guinea,2017,74,1.929647103,3,2.453,2,1.5,1,3.938,5,1.467,1,4,3,2,2,1.5,2,5,5,2.875,3,2,2,1.005,1,1,1,1.053,4,1,1,1.186,1,1.032,1,3.423,5,1,1,1,1,1.001,2,2,1,1,1,1,1,1.840705882,3,2.412235294,3,1.408038647,2
POL,Poland,2017,29,1.584217188,2,2.134,2,2.298,2,1.375,1,2.487,4,2,1,2,2,1.25,2,2,1,2.625,3,1,1,1.29,4,1,1,1,1,1,1,1.922,4,1.392,3,1.339,2,1.64,5,1.141,4,1.001,2,2,1,1.5,3,1,1,1.542882353,1,1.720911765,1,1.448470209,2
PRK,North Korea,2017,152,2.908695057,5,2.453,2,5,5,2.675,3,5,5,3,2,5,5,1,1,2,1,4,5,5,5,1,1,1,1,1,1,1,1,5,5,5,5,2.966,5,5,5,1.001,4,1.002,2,5,5,1,1,1,1,3.231470588,5,2.972558824,5,2.610305958,5
PRT,Portugal,2017,3,1.279063909,1,2.159,2,3.217,4,1.64,2,2.06,3,1,1,1,1,1,1,1,1,1,1,1,1,1.103,3,1,1,1,1,1,1,1.564,2,1.436,3,1.12,2,1.082,3,1.513,5,1,1,1,1,1.6,4,1,1,1.248882353,1,1.466705882,1,1.055072464,1
PRY,Paraguay,2017,92,2.005816258,3,3.725,5,2.256,2,3.69,4,2.543,4,4,3,3,3,2,3,4,4,1.875,2,1.5,1,1.016,2,2.742,4,1,1,1,1,1.354,1,1.258,2,1.612,3,1.002,1,1,1,1,1,2,1,1.4,2,1,1,1.675647059,2,2.509294118,4,1.64057971,3
PSE,Palestine,2017,139,2.448674846,4,2.688,3,1.081,1,1.27,1,1.324,1,4,3,4,5,3,5,3,3,5,5,4,5,1.003,1,3.362,5,1,1,1.478,4,4.918,5,1,1,1,1,1,1,1,1,1.701,5,5,5,1,1,1,1,1.990705882,4,2.673147059,4,2.505233494,5
QAT,Qatar,2017,24,1.54296178,2,1.343,1,3.304,4,1.185,1,1.475,2,2,1,1,1,1,1,1,1,2,2,2,2,5,5,1,1,1,1,1,1,2.625,5,1.691,4,1.715,3,1.075,3,1,1,1,1,2,1,1.5,3,1,1,2.016882353,4,1.532529412,1,1.247181965,1
ROU,Romania,2017,23,1.529173488,2,2.931,4,2.32,2,1.81,2,2.108,3,3,2,1,1,1,1,2,1,1.25,1,2,2,1.166,3,1,1,1,1,1,1,1.702,3,1.541,4,2.605,4,1.258,4,1.294,5,1.002,2,1,1,1.8,5,1,1,1.804941176,3,1.744852941,1,1.073429952,1
RUS,Russia,2017,156,2.970132657,5,2.771,3,3.589,5,4.142,5,4.544,5,4,3,3,3,1,1,3,3,3.125,4,3.5,4,1.072,3,3.405,5,1.842,5,2.065,5,2.663,5,1.902,5,1.185,2,5,5,5,5,1.014,3,5,5,3.5,5,1,1,3.273176471,5,2.989588235,5,2.738346216,5
RWA,Rwanda,2017,106,2.067007595,3,1.848,1,1.024,1,2.465,3,4.481,5,3,2,3,3,1.25,2,3,3,3,4,2.5,3,1.074,3,2.002,3,1.316,4,1,1,1.521,2,1.421,3,2.838,4,1.044,3,1,1,1.79,5,3,4,2.1,5,1,1,1.696470588,2,2.377441176,3,1.93868599,4
SAU,Saudi Arabia,2017,136,2.388704687,4,2.01,1,4.5,5,1.525,2,2.274,4,3,2,4,5,1.25,2,1,1,2.75,3,3.5,4,5,5,3.284,5,1.421,5,2.089,5,5,5,2.033,5,1.574,3,1.811,5,1.007,4,1.001,2,4,5,1.25,2,1,1,2.627529412,5,2.228647059,3,2.493267311,5
SDN,Sudan,2017,154,2.95920946,5,1.956,1,4.5,5,3.125,4,1.411,1,5,5,4,5,3,5,4,4,3.5,5,5,5,1.193,4,2.511,4,3.684,5,3.382,5,2.266,4,1.943,5,2.862,4,1.288,4,1.008,4,3.406,5,4,5,1.5,3,1,1,2.259764706,5,3.3455,5,3.009703704,5
SEN,Senegal,2017,52,1.807678652,2,3.25,4,2.5,2,1.135,1,1.483,2,3,2,3,3,2.25,4,3,3,2,2,2,2,1.068,2,1,1,1.053,4,1,1,1.636,3,1.14,1,1,1,1.014,2,1,1,1.051,4,3,4,1.6,4,1,1,1.454705882,1,1.976264706,2,1.865687601,4
SGP,Singapore,2017,12,1.397868866,1,1.282,1,1.821,1,1.125,1,2.685,4,1,1,1,1,1,1,1,1,1.375,1,1,1,5,5,1,1,1,1,1,1,2.5,5,2.93,5,1,1,1.236,4,2.109,5,1,1,1,1,1.375,2,1,1,2.111470588,4,1.304823529,1,1.03442029,1
SLE,Sierra Leone,2017,43,1.747781764,2,2.947,4,1.791,1,1.84,2,1.356,1,3,2,2,2,2.5,4,3,3,3,4,2,2,1.008,1,1.223,2,1,1,1,1,1.167,1,1.172,2,2.162,4,1.002,1,1,1,1.021,4,2,1,1.625,4,1,1,1.530823529,1,2.108,2,1.459943639,3
SLV,El Salvador,2017,117,2.176262207,3,3.923,5,2.826,4,5,5,5,5,4,3,2,2,1.25,2,5,5,2,2,2,2,1.049,2,1,1,1,1,1,1,1.287,1,1.596,4,2.084,3,1.039,2,1,1,1.103,4,2,1,1.6,4,1,1,1.773470588,3,2.982617647,5,1.457648953,3
SOM,Somalia,2017,158,3.038930941,5,1.674,1,1.5,1,2.9,4,1.396,1,5,5,5,5,3,5,5,5,5,5,4,5,1.006,1,4.323,5,2.842,5,3.055,5,1.765,3,1.211,2,4.782,5,1,1,1,1,5,5,4,5,1,1,1.042,5,2.266352941,5,3.498705882,5,3.020954911,5
SRB,Serbia,2017,51,1.80734535,2,2.281,2,3.508,5,1.675,2,2.195,4,3,2,2,2,1,1,2,1,2,2,1.5,1,1.04,2,1.332,3,1,1,1,1,1.588,2,1.571,4,2.217,4,1.169,4,1.338,5,2.189,5,3,4,1.4,2,1,1,1.726647059,2,1.972705882,2,1.64057971,3
SSD,South Sudan,2017,160,3.241535621,5,3.506,5,2.5,2,4.487,5,1.411,1,4,3,5,5,2,3,5,5,5,5,5,5,1.094,3,2.375,4,3.368,5,3.029,5,2.238,4,3.542,5,2.962,4,1.037,2,1,1,5,5,4,5,2.4,5,1,1,2.222529412,5,3.851441176,5,3.189979066,5
SVK,Slovakia,2017,32,1.598917583,2,2.423,2,3.068,4,1.6,2,2.456,4,2,1,2,2,1,1,2,1,1.5,1,2,2,1.018,2,1,1,1,1,1,1,1.521,2,1.444,3,2.066,3,1.049,3,1.17,4,1.005,3,2,1,1.5,3,1,1,1.456176471,1,1.801794118,1,1.448470209,2
SVN,Slovenia,2017,9,1.338543259,1,1.723,1,2.953,4,1.385,1,1.506,2,1,1,2,2,1,1,1,1,1,1,1,1,1.007,1,1,1,1,1,1,1,1.478,2,1.527,4,1.513,3,1.015,2,1.118,4,1,1,2,1,1.5,3,1,1,1.202882353,1,1.326058824,1,1.448470209,2
SWE,Sweden,2017,21,1.507957705,2,1.973,1,2.004,2,1.45,1,1.459,1,2,1,1,1,1.25,2,1,1,1,1,1,1,1.568,4,2.152,4,1,1,1,1,1.53,2,1.454,3,1.157,2,1.166,4,5,5,1,1,2,1,1.7,4,1,1,2.112705882,4,1.357705882,1,1.265539452,2
SWZ,Eswatini,2017,72,1.927868991,3,3.724,5,2.5,2,4.078,5,3.231,5,3,2,2,2,1.25,2,2,1,3,4,2.5,3,1,1,1,1,1,1,1,1,2.003,4,1.374,3,2.517,4,1,1,1,1,1.006,3,2,1,1,1,1,1,1.693411765,2,2.483852941,4,1.40257649,2
SYR,Syria,2017,162,3.379181381,5,3.721,5,1.053,1,2.042,2,1.538,2,5,5,5,5,1.75,3,5,5,4.375,5,5,5,1.726,5,4.246,5,5,5,5,5,2.534,5,2.345,5,4.801,5,1.36,5,1,1,5,5,5,5,1,1,1,1,2.640705882,5,3.480764706,5,3.827697262,5
TCD,Chad,2017,141,2.536337711,4,3.412,5,2.5,2,3.8,4,1.467,1,5,5,4,5,2.5,4,4,4,3.25,4,3,3,1.125,3,3.502,5,1.895,5,2.375,5,1.745,3,1.264,2,3.5,5,1.069,3,1,1,1.313,5,2,1,3.9,5,1,1,2.145588235,5,2.885088235,5,2.440346216,5
TGO,Togo,2017,60,1.858618025,2,2.927,3,1.5,1,3.8,4,1.483,2,4,3,2,2,2,3,3,3,3,4,2,2,1.028,2,1,1,1,1,1,1,1.65,3,1.17,1,2.071,3,1.013,2,1,1,1.036,4,2,1,1.4,2,1,1,1.757470588,3,2.266882353,3,1.439291465,2
THA,Thailand,2017,120,2.188794192,3,2.422,2,2.528,3,2.725,3,4.457,5,2,1,3,3,2.5,4,3,3,3.125,4,3.5,4,1.254,4,3.828,5,1.579,5,2.062,4,1.674,3,1.777,4,1.074,1,1.328,5,1.001,4,1,1,2,1,1.4,2,1,1,1.443823529,1,2.846382353,5,1.914019324,4
TJK,Tajikistan,2017,102,2.052260575,3,1.626,1,2.5,2,1.82,2,1.957,3,4,3,4,5,1,1,3,3,4,5,3,3,1.017,2,1.942,3,1.053,4,1,1,1.607,3,1.153,1,2.598,4,1.016,2,1,1,1.004,3,3,4,1.1,2,1,1,1.811647059,3,2.247911765,3,2.021082126,4
TKM,Turkmenistan,2017,122,2.206656057,3,2.241,2,3.5,5,2.555,3,5,5,4,3,3,3,1,1,3,3,3.25,4,3,3,3.07,5,2.072,3,1,1,1,1,1.616,3,1.946,5,1.075,2,1.306,5,1,1,1.002,2,3,4,1,1,1,1,2.019529412,4,2.664558824,4,1.805152979,4
TLS,Timor-Leste,2017,49,1.794139008,2,2.453,2,2.498,2,2.393,3,1.372,1,3,2,2,2,1.25,2,4,4,3,4,2.5,3,1,1,1,1,1,1,1,1,1.76,3,1.273,2,1.772,3,1,1,1,1,1.001,2,2,1,1,1,1,1,1.565294118,2,2.243970588,3,1.40257649,2
TTO,Trinidad and Tobago,2017,105,2.066548703,3,2.813,3,3.372,5,5,5,3.041,5,4,3,2,2,1.25,2,5,5,2,2,2,2,1.839,5,1,1,1,1,1,1,4.46,5,1.424,3,1.304,2,1.004,1,1,1,1.007,3,1,1,1,1,1,1,2.121529412,4,2.748705882,5,1.201288245,1
TUN,Tunisia,2017,86,1.972372869,3,2.697,3,2.5,2,2.265,3,2.614,4,3,2,3,3,1.75,3,2,1,2.75,3,2.5,3,1.163,3,3.37,5,1.368,5,2.095,5,2.051,4,1.466,3,1.122,2,1.08,3,1,1,1.005,3,2,1,1.5,3,1,1,1.579058824,2,2.2795,3,1.908095008,4
TUR,Turkiye,2017,145,2.627706086,4,2.758,3,3.531,5,2.577,3,2.986,5,3,2,4,5,2.5,4,3,3,3.375,5,4,5,1.805,5,4.279,5,1.789,5,3.011,5,1.745,3,2.031,5,1.138,2,2.289,5,1.312,5,1.024,4,4,5,1.8,5,1,1,1.955352941,4,2.934911765,5,2.76726409,5
TWN,Taiwan,2017,39,1.720021318,2,2.102,2,2.5,2,1.36,1,3.096,5,2,1,2,2,2,3,2,1,1.625,2,1,1,2.621,5,1,1,1,1,1,1,1.87,4,2.887,5,1,1,2.003,5,1.009,4,1,1,3,4,1,1,1,1,1.870117647,3,1.736294118,1,1.603864734,3
TZA,Tanzania,2017,56,1.834610747,2,2.673,3,1.433,1,3.407,4,1.506,2,3,2,2,2,2,3,3,3,2.5,3,2.5,3,1.078,3,2.241,4,1,1,1,1,1.507,2,1.083,1,1.054,1,1.044,3,1,1,1,1,2,1,2.9,5,1,1,1.445647059,1,2.263117647,3,1.576972625,3
UGA,Uganda,2017,119,2.186429523,3,3.048,4,1.61,1,4.212,5,1.997,3,3,2,2,2,2.25,4,3,3,3.25,4,3,3,1.093,3,2.017,3,1,1,1,1,1.75,3,1.177,2,3.625,5,1.096,3,1.003,4,1.005,3,2,1,4.325,5,2.041,5,1.799235294,3,2.606382353,4,1.917310789,4
UKR,Ukraine,2017,153,2.924825854,5,3.211,4,2.929,4,3.077,4,2.424,4,4,3,5,5,1.5,2,4,4,3.375,5,4,5,1.016,2,2.949,4,1.947,5,3.076,5,2.19,4,1.709,4,2.444,4,1.511,5,3.141,5,2.499,5,5,5,1.5,3,1,1,2.392588235,5,3.055705882,5,3.171671498,5
URY,Uruguay,2017,33,1.638792122,2,3.435,5,4.37,5,3.47,4,3.421,5,3,2,1,1,1,1,2,1,1.375,1,1,1,1.082,3,1,1,1,1,1,1,1.42,1,2.098,5,1.381,2,1.046,3,1,1,1,1,1,1,1,1,1,1,1.594117647,2,2.178176471,2,1,1
USA,United States of America,2017,127,2.314376453,3,2.188,2,1.985,2,2.598,3,5,5,3,2,2,2,1.75,3,1,1,1,1,2,2,1.153,3,3.372,5,1.211,4,1.609,4,2.596,5,1.717,4,1.042,1,5,5,4.87,5,1,1,2,1,5,5,2.036,5,3.036823529,5,2.056029412,2,2.122590982,5
UZB,Uzbekistan,2017,99,2.033616901,3,1.703,1,3.5,5,2.252,3,2.139,3,4,3,3,3,1.5,2,3,3,3.5,5,3,3,1.079,3,1.332,3,1,1,1,1,1.927,4,1.232,2,1.745,3,1.229,4,1.091,4,1.004,3,3,4,1,1,1,1,1.819176471,3,2.359235294,3,1.805152979,4
VEN,Venezuela,2017,148,2.649702412,4,5,5,2.5,2,5,5,2.369,4,4,3,3,3,3.25,5,5,5,3.75,5,3.5,4,1.954,5,1.821,3,1.158,4,2.009,4,1.217,1,1.584,4,4.796,5,1.254,4,1,1,1.008,3,3,4,1,1,1,1,2.227294118,5,3.412676471,5,2.024536232,4
VNM,Vietnam,2017,63,1.886339405,2,2.704,3,3.5,5,1.765,2,2.1,3,3,2,1,1,1.75,3,2,1,2.625,3,3,3,1.622,5,1,1,1,1,1,1,1.774,4,1.818,5,3.274,5,1.706,5,1,1,1.117,4,3,4,1.2,2,1,1,2.005529412,4,2.182058824,2,1.420933977,2
YEM,Yemen,2017,159,3.183787397,5,2.913,3,5,5,3.192,4,1.38,1,5,5,5,5,2,3,3.5,4,4,5,5,5,1.053,2,4.118,5,2.368,5,4.396,5,3.083,5,1.415,3,4.464,5,1.009,1,1,1,3.3,5,4,5,1.35,2,1.75,5,2.415117647,5,3.473029412,5,3.416669887,5
ZAF,South Africa,2017,128,2.319412454,3,3.773,5,2.5,2,5,5,3.302,5,4,3,3,3,3.5,5,5,5,1.75,2,3.5,4,1.045,2,1.332,3,1,1,1,1,1.473,2,1.181,2,1.017,1,1.086,3,1.256,5,1,1,2,1,2.7,5,1,1,1.674,2,3.143794118,5,1.759903382,4
ZMB,Zambia,2017,47,1.778767783,2,3.434,5,1.5,1,2.84,4,1.902,3,3,2,2,2,2.25,4,3,3,2.25,3,2.5,3,1.104,3,1,1,1,1,1,1,1.698,3,1.137,1,3.639,5,1.026,2,1,1,1.001,2,1,1,1.4,2,1,1,1.778470588,3,2.224176471,2,1.238003221,1
ZWE,Zimbabwe,2017,115,2.163566718,3,2.983,4,2.162,2,3.37,4,1.91,3,4,3,3,3,1.75,3,3,3,3.25,4,3.5,4,1,1,1,1,1,1,1,1,1.913,4,1.305,2,4.024,5,1.045,3,1,1,1.041,4,3,4,1.5,3,1,1,2.036411765,4,2.501735294,4,1.851046699,4
ESH,Western Sahara,2017,-1,-1,-1,-1,-1,-1,-1,-1,-1,-1,-1,-1,-1,-1,-1,-1,-1,-1,-1,-1,-1,-1,-1,-1,-1,-1,-1,-1,-1,-1,-1,-1,-1,-1,-1,-1,-1,-1,-1,-1,-1,-1,-1,-1,-1,-1,-1,-1,-1,-1,-1,-1,-1,-1,-1
BRB,Barbados,2017,-1,-1,-1,-1,-1,-1,-1,-1,-1,-1,-1,-1,-1,-1,-1,-1,-1,-1,-1,-1,-1,-1,-1,-1,-1,-1,-1,-1,-1,-1,-1,-1,-1,-1,-1,-1,-1,-1,-1,-1,-1,-1,-1,-1,-1,-1,-1,-1,-1,-1,-1,-1,-1,-1,-1
CPV,Cabo Verde,2017,-1,-1,-1,-1,-1,-1,-1,-1,-1,-1,-1,-1,-1,-1,-1,-1,-1,-1,-1,-1,-1,-1,-1,-1,-1,-1,-1,-1,-1,-1,-1,-1,-1,-1,-1,-1,-1,-1,-1,-1,-1,-1,-1,-1,-1,-1,-1,-1,-1,-1,-1,-1,-1,-1,-1
LIE,Liechtenstein,2017,-1,-1,-1,-1,-1,-1,-1,-1,-1,-1,-1,-1,-1,-1,-1,-1,-1,-1,-1,-1,-1,-1,-1,-1,-1,-1,-1,-1,-1,-1,-1,-1,-1,-1,-1,-1,-1,-1,-1,-1,-1,-1,-1,-1,-1,-1,-1,-1,-1,-1,-1,-1,-1,-1,-1
MLT,Malta,2017,-1,-1,-1,-1,-1,-1,-1,-1,-1,-1,-1,-1,-1,-1,-1,-1,-1,-1,-1,-1,-1,-1,-1,-1,-1,-1,-1,-1,-1,-1,-1,-1,-1,-1,-1,-1,-1,-1,-1,-1,-1,-1,-1,-1,-1,-1,-1,-1,-1,-1,-1,-1,-1,-1,-1
MHL,Marshall Islands,2017,-1,-1,-1,-1,-1,-1,-1,-1,-1,-1,-1,-1,-1,-1,-1,-1,-1,-1,-1,-1,-1,-1,-1,-1,-1,-1,-1,-1,-1,-1,-1,-1,-1,-1,-1,-1,-1,-1,-1,-1,-1,-1,-1,-1,-1,-1,-1,-1,-1,-1,-1,-1,-1,-1,-1
SUR,Suriname,2017,-1,-1,-1,-1,-1,-1,-1,-1,-1,-1,-1,-1,-1,-1,-1,-1,-1,-1,-1,-1,-1,-1,-1,-1,-1,-1,-1,-1,-1,-1,-1,-1,-1,-1,-1,-1,-1,-1,-1,-1,-1,-1,-1,-1,-1,-1,-1,-1,-1,-1,-1,-1,-1,-1,-1
LUX,Luxembourg,2017,-1,-1,-1,-1,-1,-1,-1,-1,-1,-1,-1,-1,-1,-1,-1,-1,-1,-1,-1,-1,-1,-1,-1,-1,-1,-1,-1,-1,-1,-1,-1,-1,-1,-1,-1,-1,-1,-1,-1,-1,-1,-1,-1,-1,-1,-1,-1,-1,-1,-1,-1,-1,-1,-1,-1
